id;name;email;certid;rhid
1;Awesome;Zaria69@hotmail.com;Forks;Global Coves
2;Handcrafted copying;Laury.Kassulke75@hotmail.com;extend;teal
3;application invoice;Dalton21@yahoo.com;Loop;program program Developer
4;Metrics Beauty Frozen;Stella.Friesen@hotmail.com;input Specialist;Corporate Auto Loan Account
5;full-range;Annetta_Effertz@yahoo.com;Senior International Metal;deposit
6;Handmade Frozen Ball HTTP;Madilyn.Conroy21@gmail.com;Profound;Fundamental
7;Intelligent;Rose.Bartoletti@hotmail.com;deposit;calculating Haven
8;black;Sofia56@gmail.com;Handmade magenta cross-platform;New Mexico Plastic
9;black;Aric94@yahoo.com;online;SMS Pataca
10;monitor index;Elliot49@gmail.com;Handcrafted Metal Computer;matrix
