id;sessionid;majorincidentid;failurestageid;summary;investigationreport;servicenowticketid
1;10920;84531;16363;Persevering;stable;Investment Account
2;81686;6952;39018;Central African Republic Practical deposit;Nevada Sleek methodical;index Gorgeous New Taiwan Dollar
3;97616;65167;93267;Gourde US Dollar;AGP;EXE violet
4;5549;71920;51423;Legacy;Director;bandwidth real-time Jewelery
5;8796;20682;5188;Rustic mint green;Incredible Circle Shirt;Self-enabling Facilitator deposit
6;55250;20009;91440;Sleek Handcrafted Concrete Gloves platforms;Internal overriding synthesizing;Qatari Rial Specialist
7;91179;10369;58462;Reactive;Liechtenstein Pizza Rand Namibia Dollar;customer loyalty Producer Engineer
8;8662;79612;22283;United States Minor Outlying Islands Moroccan Dirham deposit;methodical markets;Integration alarm
9;65095;65270;88788;feed Baby e-markets;migration;override
10;90766;73495;70609;Berkshire Response Progressive;Netherlands Antillian Guilder capacitor capacitor;Communications
