id;name;email;office
1;mesh Personal Loan Account copy;Maddison_Okuneva@yahoo.com;communities Strategist efficient
2;Guinea Franc paradigm one-to-one;Courtney28@gmail.com;rich
3;quantifying convergence;Anya.McKenzie@yahoo.com;mission-critical Tokelau
4;installation;Valentina_Raynor36@yahoo.com;redundant
5;Philippines;Audreanne_Runolfsdottir58@hotmail.com;Health
6;maximize generating productize;Eloisa_Turner68@hotmail.com;Dominican Republic
7;killer Shoes;General19@hotmail.com;AI
8;Global;Lelah_Hintz@gmail.com;Summit Configurable invoice
9;value-added;Tierra_Halvorson@gmail.com;dynamic
10;calculate Grocery impactful;Hershel90@hotmail.com;primary
